Daily activity update: Sat Dec  6 20:12:25 UTC 2025
Daily activity update: Sat Dec  6 20:31:45 UTC 2025
Daily activity update: Sun Dec  7 20:31:35 UTC 2025
Daily activity update: Mon Dec  8 20:35:00 UTC 2025
Daily activity update: Tue Dec  9 20:31:11 UTC 2025
Daily activity update: Wed Dec 10 20:36:52 UTC 2025
Daily activity update: Thu Dec 11 20:33:48 UTC 2025
Daily activity update: Fri Dec 12 20:34:30 UTC 2025
Daily activity update: Sat Dec 13 20:31:48 UTC 2025
Daily activity update: Sun Dec 14 20:32:45 UTC 2025
